department,subject,unit,difficulty,question_type,question_text,choices,correct_answer,explanation,tags,source,source_year
NURSING,성인간호학,심혈관계,MEDIUM,SINGLE_CHOICE,심방세동(atrial fibrillation) 환자의 가장 중요한 합병증은?,"[""폐색전증"", ""뇌졸중"", ""심근염"", ""심낭염"", ""심장막삼출""]",1,심방세동은 심방 내 혈전 형성으로 색전성 뇌졸중의 위험을 크게 증가시킨다. 항응고요법이 필수.,"[""심혈관계"", ""부정맥"", ""합병증""]",샘플 시드 (Day 3),
NURSING,성인간호학,심혈관계,HARD,SINGLE_CHOICE,급성 심근경색증 환자에게 우선적으로 투여하는 약물이 아닌 것은?,"[""산소"", ""아스피린"", ""니트로글리세린"", ""베타차단제"", ""와파린""]",4,"MONA(Morphine, Oxygen, Nitroglycerin, Aspirin)가 초기 처치의 기본. 와파린은 장기 항응고제로 급성기에는 사용하지 않는다.","[""심혈관계"", ""AMI"", ""응급간호""]",샘플 시드 (Day 3),
NURSING,성인간호학,심혈관계,EASY,SINGLE_CHOICE,정상 성인의 안정시 평균 수축기 혈압 범위는?,"[""80~99 mmHg"", ""100~119 mmHg"", ""120~129 mmHg"", ""130~139 mmHg"", ""140~159 mmHg""]",1,"정상 혈압은 수축기 120 미만, 이완기 80 미만. 100~119가 정상 범위 내에 해당.","[""혈압"", ""활력징후""]",샘플 시드 (Day 3),
NURSING,성인간호학,호흡기계,MEDIUM,SINGLE_CHOICE,만성폐쇄성폐질환(COPD) 환자에게 산소요법 시 주의해야 할 점은?,"[""고농도 산소를 빠르게 투여한다"", ""산소 농도를 점차 증가시킨다"", ""저농도(1~3L/min) 산소를 투여한다"", ""100% 산소를 투여한다"", ""산소를 투여하지 않는다""]",2,"COPD 환자는 만성적인 고탄산혈증으로 호흡중추가 저산소에 의존하므로, 고농도 산소는 호흡억제를 유발할 수 있다.","[""호흡기계"", ""COPD"", ""산소요법""]",샘플 시드 (Day 3),
NURSING,성인간호학,호흡기계,MEDIUM,SINGLE_CHOICE,결핵 환자 격리 시 사용하는 마스크는?,"[""일반 마스크"", ""수술용 마스크"", ""N95 마스크"", ""면 마스크"", ""투명 안면보호구""]",2,결핵은 비말핵을 통한 공기전파이므로 N95 이상의 호흡기 보호구가 필요하다.,"[""호흡기계"", ""결핵"", ""감염관리""]",샘플 시드 (Day 3),
NURSING,성인간호학,호흡기계,HARD,SINGLE_CHOICE,기관내삽관 환자의 합병증을 예방하기 위한 가장 중요한 간호중재는?,"[""체위 변경을 자주한다"", ""구강간호를 자주한다"", ""흡인을 자주한다"", ""수액을 충분히 공급한다"", ""진정제를 사용한다""]",1,VAP(인공호흡기 관련 폐렴) 예방의 핵심은 클로르헥시딘 구강간호와 두부거상 30~45도 유지.,"[""호흡기계"", ""기관삽관"", ""VAP""]",샘플 시드 (Day 3),
NURSING,성인간호학,소화기계,MEDIUM,SINGLE_CHOICE,위내시경 검사 후 가장 먼저 확인해야 할 것은?,"[""출혈 여부"", ""구토반사 회복"", ""복통 여부"", ""혈압"", ""활력징후""]",1,국소마취로 인해 일시적으로 구토반사가 소실되므로 흡인 위험이 있다. 구토반사 회복을 확인한 후 음식 섭취 가능.,"[""소화기계"", ""내시경"", ""검사후간호""]",샘플 시드 (Day 3),
NURSING,성인간호학,소화기계,MEDIUM,SINGLE_CHOICE,간경변증 환자에게 식이로 제한해야 할 영양소는?,"[""탄수화물"", ""지방"", ""단백질(간성혼수 시)"", ""비타민"", ""식이섬유""]",2,간성혼수가 발생하면 암모니아 생성을 줄이기 위해 단백질 섭취를 제한한다.,"[""소화기계"", ""간경변"", ""영양""]",샘플 시드 (Day 3),
NURSING,성인간호학,내분비계,MEDIUM,SINGLE_CHOICE,당뇨병 환자의 저혈당 증상이 아닌 것은?,"[""발한"", ""떨림"", ""심계항진"", ""다뇨"", ""혼동""]",3,"다뇨(polyuria)는 고혈당의 대표 증상. 저혈당은 자율신경 항진(발한, 떨림, 심계항진)과 신경학적 증상(혼동, 의식저하).","[""내분비"", ""당뇨"", ""저혈당""]",샘플 시드 (Day 3),
NURSING,성인간호학,내분비계,EASY,SINGLE_CHOICE,1형 당뇨병의 가장 적절한 치료법은?,"[""식이요법만"", ""운동요법만"", ""경구혈당강하제"", ""인슐린 주사"", ""한약 복용""]",3,1형 당뇨병은 췌장 베타세포가 파괴되어 인슐린 분비가 거의 없으므로 인슐린 보충이 필수.,"[""내분비"", ""당뇨"", ""인슐린""]",샘플 시드 (Day 3),
NURSING,성인간호학,신장계,MEDIUM,SINGLE_CHOICE,혈액투석 환자의 동정맥루(AV fistula) 관리로 옳지 않은 것은?,"[""수술한 팔에서 혈압측정을 하지 않는다"", ""수술한 팔에서 채혈하지 않는다"", ""매일 진동(thrill)을 확인한다"", ""수술한 팔에 무거운 것을 들지 않게 한다"", ""수술 직후 즉시 사용한다""]",4,"AV fistula는 성숙(maturation)에 보통 4~6주가 필요하며, 그 전에는 사용할 수 없다.","[""신장"", ""혈액투석"", ""AVF""]",샘플 시드 (Day 3),
NURSING,성인간호학,신장계,HARD,SINGLE_CHOICE,급성신부전의 핍뇨기 환자에게 가장 위험한 전해질 불균형은?,"[""저칼륨혈증"", ""고칼륨혈증"", ""저나트륨혈증"", ""고칼슘혈증"", ""저마그네슘혈증""]",1,"신장 배설 저하로 고칼륨혈증이 발생하며, 치명적인 부정맥(심정지)을 유발할 수 있다.","[""신장"", ""급성신부전"", ""전해질""]",샘플 시드 (Day 3),
NURSING,성인간호학,근골격계,MEDIUM,SINGLE_CHOICE,석고붕대(cast)를 적용한 환자의 가장 중요한 사정 항목은?,"[""체온"", ""5P(통증, 창백, 맥박소실, 감각이상, 마비)"", ""혈압"", ""호흡수"", ""소변량""]",1,구획증후군(Compartment syndrome)을 조기 발견하기 위해 5P를 정기적으로 사정한다.,"[""근골격계"", ""석고붕대"", ""5P""]",샘플 시드 (Day 3),
NURSING,성인간호학,근골격계,MEDIUM,SINGLE_CHOICE,고관절 전치환술(THR) 후 탈구 예방을 위한 자세는?,"[""다리 모음"", ""다리 외전 유지"", ""고관절 90도 이상 굴곡"", ""다리 내회전"", ""엎드린 자세""]",1,"외전(abduction)을 유지하고 90도 이상 굴곡, 내회전, 내전을 피해야 한다.","[""근골격계"", ""고관절"", ""THR""]",샘플 시드 (Day 3),
NURSING,성인간호학,신경계,HARD,SINGLE_CHOICE,두개내압(ICP) 상승 환자의 우선 간호중재는?,"[""두부 거상 30도"", ""트렌델렌버그 자세"", ""엎드린 자세"", ""측위"", ""앉은 자세""]",0,두부거상 15~30도는 정맥 환류를 촉진하여 ICP를 낮춘다.,"[""신경계"", ""ICP"", ""두부손상""]",샘플 시드 (Day 3),
NURSING,성인간호학,신경계,MEDIUM,SINGLE_CHOICE,글래스고우 혼수척도(GCS)에서 평가하지 않는 항목은?,"[""눈뜨기"", ""언어반응"", ""운동반응"", ""동공반사"", ""(없음)""]",3,"GCS는 눈뜨기(E), 언어반응(V), 운동반응(M)의 3가지 항목으로 구성된다.","[""신경계"", ""GCS"", ""의식사정""]",샘플 시드 (Day 3),
NURSING,성인간호학,혈액계,MEDIUM,SINGLE_CHOICE,"수혈 중 환자가 오한, 발열, 두드러기를 호소할 때 가장 먼저 해야 할 행동은?","[""수혈 속도를 줄인다"", ""수혈을 즉시 중단한다"", ""해열제를 투여한다"", ""주치의에게 보고한다"", ""활력징후를 측정한다""]",1,수혈 부작용 의심 시 즉시 수혈을 중단하고 정맥로는 생리식염수로 유지한 뒤 의사에게 보고한다.,"[""혈액"", ""수혈"", ""수혈반응""]",샘플 시드 (Day 3),
NURSING,성인간호학,면역계,MEDIUM,SINGLE_CHOICE,아나필락시스 쇼크 환자에게 가장 먼저 투여해야 할 약물은?,"[""항히스타민제"", ""스테로이드"", ""에피네프린"", ""아드레날린 흡입제"", ""도파민""]",2,에피네프린 0.3~0.5mg IM이 1차 치료. 기관지 확장과 혈관 수축을 동시에 유도한다.,"[""면역"", ""아나필락시스"", ""응급""]",샘플 시드 (Day 3),
NURSING,성인간호학,암간호,MEDIUM,SINGLE_CHOICE,항암화학요법 환자에게 가장 흔한 부작용은?,"[""변비"", ""골수억제"", ""탈모"", ""구토"", ""피로""]",1,"항암제는 빠르게 분열하는 세포를 공격하므로 골수억제(빈혈, 백혈구 감소, 혈소판 감소)가 가장 중요한 부작용이다.","[""암"", ""항암요법"", ""부작용""]",샘플 시드 (Day 3),
NURSING,성인간호학,암간호,HARD,SINGLE_CHOICE,호중구 감소증(절대호중구수 < 500) 환자에게 가장 적절한 격리는?,"[""접촉격리"", ""비말격리"", ""공기격리"", ""역격리(보호격리)"", ""표준주의""]",3,면역억제 환자는 외부로부터 감염원이 들어오지 않도록 역격리(보호격리)가 필요하다.,"[""암"", ""호중구감소증"", ""감염관리""]",샘플 시드 (Day 3),
NURSING,성인간호학,수술전후간호,MEDIUM,SINGLE_CHOICE,전신마취 수술 후 가장 위험한 합병증은?,"[""오심·구토"", ""기도폐쇄"", ""통증"", ""변비"", ""발열""]",1,전신마취 후 의식이 완전히 회복되기 전까지 혀의 후방 처짐이나 분비물로 인한 기도폐쇄가 가장 위험하다.,"[""수술"", ""마취"", ""회복실간호""]",샘플 시드 (Day 3),
NURSING,성인간호학,수술전후간호,EASY,SINGLE_CHOICE,수술 전 금식의 주된 목적은?,"[""소화불량 예방"", ""구토 및 흡인 예방"", ""혈당 조절"", ""체중 감소"", ""피로 감소""]",1,전신마취 시 위 내용물이 폐로 흡인되는 것을 예방하기 위해 8시간 이상 금식한다.,"[""수술"", ""수술전간호"", ""금식""]",샘플 시드 (Day 3),
NURSING,성인간호학,통증관리,MEDIUM,SINGLE_CHOICE,암성 통증의 약물 치료에서 WHO 3단계 진통제 사다리의 가장 강력한 단계는?,"[""비마약성 진통제"", ""약한 마약성 진통제"", ""강한 마약성 진통제"", ""보조 진통제"", ""한방 치료""]",2,WHO 사다리: 1단계 비마약성(아세트아미노펜/NSAID) → 2단계 약한 마약성(코데인) → 3단계 강한 마약성(모르핀).,"[""통증"", ""암성통증"", ""WHO사다리""]",샘플 시드 (Day 3),
NURSING,성인간호학,노인간호,MEDIUM,SINGLE_CHOICE,노인 환자 낙상 예방을 위한 가장 효과적인 중재는?,"[""신체 억제대 사용"", ""환경 정비 및 야간 조명"", ""약물 진정"", ""침상 안정"", ""단독 거주""]",1,"환경 정비, 미끄럼 방지, 야간 조명, 보행 보조구 등이 가장 효과적. 신체 억제대는 오히려 낙상 위험을 높일 수 있다.","[""노인"", ""낙상예방"", ""안전""]",샘플 시드 (Day 3),
NURSING,성인간호학,체액균형,HARD,SINGLE_CHOICE,고칼륨혈증 환자에게 응급으로 사용하는 약물 중 칼륨을 세포내로 이동시키는 것은?,"[""칼슘글루코네이트"", ""인슐린+포도당"", ""이뇨제"", ""카요넥살레이트"", ""수분 제한""]",1,인슐린은 포도당과 함께 칼륨을 세포 내로 이동시켜 일시적으로 혈청 K+를 낮춘다.,"[""전해질"", ""고칼륨혈증"", ""응급""]",샘플 시드 (Day 3),
NURSING,모성간호학,산전관리,MEDIUM,SINGLE_CHOICE,임신 중 가장 흔한 빈혈의 종류는?,"[""용혈성 빈혈"", ""철결핍성 빈혈"", ""엽산결핍성 빈혈"", ""재생불량성 빈혈"", ""지중해빈혈""]",1,임신 중 혈장량 증가와 태아의 철 요구량 증가로 철결핍성 빈혈이 가장 흔하다.,"[""모성"", ""임신"", ""빈혈""]",샘플 시드 (Day 3),
NURSING,모성간호학,산전관리,EASY,SINGLE_CHOICE,임신 기간 정상 분만일은?,"[""32주"", ""34주"", ""37~42주"", ""44주"", ""45주""]",2,"정상 임신 기간은 37~42주(만삭), 37주 미만은 조산.","[""모성"", ""분만"", ""임신주수""]",샘플 시드 (Day 3),
NURSING,모성간호학,분만,MEDIUM,SINGLE_CHOICE,분만 1기 잠재기에 가장 우선적인 간호중재는?,"[""회음부 절개 준비"", ""산모 격려와 호흡법 교육"", ""옥시토신 투여"", ""제왕절개 준비"", ""신생아 처치""]",1,"잠재기는 자궁경부 0~3cm 개대 단계로, 산모 교육과 정서적 지지가 핵심.","[""모성"", ""분만"", ""분만1기""]",샘플 시드 (Day 3),
NURSING,모성간호학,분만,HARD,SINGLE_CHOICE,분만 후 자궁이완으로 인한 산후출혈의 1차 중재는?,"[""자궁저부 마사지"", ""옥시토신 정맥주사"", ""수혈"", ""자궁절제술"", ""수액 공급""]",0,산후출혈 시 가장 먼저 자궁저부 마사지로 자궁수축을 유도한다.,"[""모성"", ""산후출혈"", ""응급""]",샘플 시드 (Day 3),
NURSING,모성간호학,산욕기,MEDIUM,SINGLE_CHOICE,산욕기 자궁퇴축이 정상적으로 이루어지는 시기는?,"[""1주일"", ""2주일"", ""4~6주"", ""8주"", ""12주""]",2,분만 후 4~6주에 걸쳐 자궁이 임신 전 크기로 돌아간다.,"[""모성"", ""산욕기"", ""자궁퇴축""]",샘플 시드 (Day 3),
NURSING,모성간호학,산욕기,MEDIUM,SINGLE_CHOICE,모유수유의 장점으로 옳지 않은 것은?,"[""아기의 면역력 증진"", ""산모의 자궁수축 촉진"", ""모자 애착 증진"", ""산모의 빠른 체중 감소"", ""산모의 유방암 위험 증가""]",4,모유수유는 산모의 유방암·난소암 위험을 오히려 감소시킨다.,"[""모성"", ""모유수유"", ""산욕기""]",샘플 시드 (Day 3),
NURSING,모성간호학,임신성합병증,HARD,SINGLE_CHOICE,임신성 고혈압(preeclampsia) 환자의 가장 위험한 합병증은?,"[""조산"", ""자간증(eclampsia)"", ""임신성 당뇨"", ""양수과다증"", ""태반조기박리""]",1,전자간증이 진행되어 경련을 동반하면 자간증이 되며 모체와 태아 모두 생명을 위협한다.,"[""모성"", ""임신중독"", ""전자간증""]",샘플 시드 (Day 3),
NURSING,모성간호학,임신성합병증,MEDIUM,SINGLE_CHOICE,임신성 당뇨 산모의 신생아에서 흔히 나타나는 합병증은?,"[""저혈당"", ""고혈당"", ""저체온"", ""고체온"", ""탈수""]",0,엄마의 고혈당으로 태아 인슐린이 과다 분비되어 출생 후 저혈당이 발생한다.,"[""모성"", ""임신성당뇨"", ""신생아""]",샘플 시드 (Day 3),
NURSING,모성간호학,여성건강,MEDIUM,SINGLE_CHOICE,자궁경부암 선별검사로 사용되는 검사는?,"[""조직생검"", ""Pap smear"", ""초음파"", ""MRI"", ""혈액검사""]",1,자궁경부세포진검사(Pap smear)가 표준 선별검사. HPV 검사도 함께 활용.,"[""모성"", ""자궁경부암"", ""선별검사""]",샘플 시드 (Day 3),
NURSING,모성간호학,여성건강,EASY,SINGLE_CHOICE,정상 월경주기의 평균 길이는?,"[""7일"", ""14일"", ""21일"", ""28일"", ""45일""]",3,평균 28일(21~35일 정상 범위).,"[""모성"", ""월경"", ""여성생리""]",샘플 시드 (Day 3),
NURSING,모성간호학,피임,MEDIUM,SINGLE_CHOICE,경구피임약의 절대 금기증이 아닌 것은?,"[""혈전 병력"", ""흡연하는 35세 이상 여성"", ""유방암"", ""조절되지 않는 고혈압"", ""20대 미혼여성""]",4,"혈전, 35세 이상 흡연자, 호르몬 의존성 암, 중증 고혈압은 금기. 20대 미혼여성은 적응증.","[""모성"", ""피임"", ""경구피임약""]",샘플 시드 (Day 3),
NURSING,모성간호학,신생아,MEDIUM,SINGLE_CHOICE,Apgar 점수 평가 항목이 아닌 것은?,"[""심박수"", ""호흡노력"", ""근긴장도"", ""체온"", ""피부색""]",3,"APGAR: Appearance(피부색), Pulse(심박), Grimace(반사), Activity(근긴장), Respiration(호흡).","[""모성"", ""신생아"", ""Apgar""]",샘플 시드 (Day 3),
NURSING,아동간호학,성장발달,EASY,SINGLE_CHOICE,신생아의 정상 호흡수 범위는?,"[""12~20회/분"", ""20~30회/분"", ""30~60회/분"", ""60~80회/분"", ""80~100회/분""]",2,신생아 정상 호흡수는 30~60회/분.,"[""아동"", ""신생아"", ""활력징후""]",샘플 시드 (Day 3),
NURSING,아동간호학,성장발달,MEDIUM,SINGLE_CHOICE,12개월 영아가 할 수 있는 가장 적절한 행동은?,"[""혼자 걷기 시작"", ""달리기"", ""두 발로 점프"", ""세발자전거 타기"", ""글자 쓰기""]",0,"12개월 전후로 첫 걸음. 달리기는 18개월, 점프는 24개월 경.","[""아동"", ""영아"", ""발달""]",샘플 시드 (Day 3),
NURSING,아동간호학,신생아,MEDIUM,SINGLE_CHOICE,신생아 황달 중 병리적 황달의 특징은?,"[""생후 24시간 이내 발생"", ""생후 2~3일 발생"", ""1주일 후 자연 소실"", ""총빌리루빈 < 12 mg/dL"", ""수유와 무관""]",0,병리적 황달은 24시간 이내 발생하며 빌리루빈 상승이 빠르다. 생리적 황달은 2~3일에 시작.,"[""아동"", ""신생아"", ""황달""]",샘플 시드 (Day 3),
NURSING,아동간호학,예방접종,MEDIUM,SINGLE_CHOICE,BCG 예방접종 시기는?,"[""생후 4주 이내"", ""생후 2개월"", ""생후 6개월"", ""생후 12개월"", ""취학 전""]",0,결핵 예방을 위한 BCG는 생후 4주 이내 접종 권장.,"[""아동"", ""예방접종"", ""BCG""]",샘플 시드 (Day 3),
NURSING,아동간호학,호흡기,HARD,SINGLE_CHOICE,후두개염(epiglottitis) 환아에게 절대 하지 말아야 할 것은?,"[""산소 공급"", ""설압자로 인후 검사"", ""기도확보 준비"", ""정맥로 확보"", ""응급실 후송""]",1,설압자로 인두를 자극하면 완전 기도폐쇄가 유발될 수 있으므로 절대 금기.,"[""아동"", ""후두개염"", ""응급""]",샘플 시드 (Day 3),
NURSING,아동간호학,호흡기,MEDIUM,SINGLE_CHOICE,모세기관지염 환아에게 가장 중요한 간호는?,"[""고열량 식이"", ""수분 공급과 가습"", ""기관지 확장제 투여"", ""스테로이드 투여"", ""항생제 투여""]",1,RSV 등 바이러스성으로 항생제 효과 없음. 수분 공급과 호흡기 가습이 가장 중요.,"[""아동"", ""모세기관지염"", ""RSV""]",샘플 시드 (Day 3),
NURSING,아동간호학,소화기,MEDIUM,SINGLE_CHOICE,유문협착증 영아의 전형적인 증상은?,"[""혈변"", ""분출성 구토(projectile vomiting)"", ""복부 팽만"", ""설사"", ""황달""]",1,수유 직후 분출성 구토와 우상복부 올리브형 종괴가 특징.,"[""아동"", ""유문협착증"", ""구토""]",샘플 시드 (Day 3),
NURSING,아동간호학,소화기,HARD,SINGLE_CHOICE,장중첩증(intussusception)의 전형적인 증상은?,"[""지속적 복통"", ""발작적 복통과 젤리 같은 혈변"", ""구토 없음"", ""발열"", ""황달""]",1,"발작적 복통, 구토, currant jelly stool이 3대 증상.","[""아동"", ""장중첩증"", ""응급""]",샘플 시드 (Day 3),
NURSING,아동간호학,감염성질환,MEDIUM,SINGLE_CHOICE,수두(varicella)의 격리 기간은?,"[""발진 시작부터 가피 형성까지"", ""발열 시작부터 해열까지"", ""발진 시작부터 발진 소실까지"", ""1주일"", ""10일""]",0,모든 수포가 가피로 변할 때까지 격리해야 한다 (보통 5~7일).,"[""아동"", ""수두"", ""감염격리""]",샘플 시드 (Day 3),
NURSING,아동간호학,심혈관,MEDIUM,SINGLE_CHOICE,선천성 심질환 중 청색증을 동반하는 것은?,"[""심방중격결손증(ASD)"", ""심실중격결손증(VSD)"", ""동맥관개존증(PDA)"", ""팔로 4징(TOF)"", ""대동맥축착증""]",3,팔로 4징은 우→좌 단락으로 청색증을 유발하는 대표 질환.,"[""아동"", ""선천심질환"", ""청색증""]",샘플 시드 (Day 3),
NURSING,아동간호학,혈액,MEDIUM,SINGLE_CHOICE,소아 백혈병에서 가장 흔한 형은?,"[""급성 골수성 백혈병"", ""급성 림프구성 백혈병(ALL)"", ""만성 골수성 백혈병"", ""만성 림프구성 백혈병"", ""다발골수종""]",1,소아 백혈병의 약 75%가 ALL.,"[""아동"", ""백혈병"", ""ALL""]",샘플 시드 (Day 3),
NURSING,아동간호학,탈수,HARD,SINGLE_CHOICE,심한 탈수 영아의 수액 치료 시 가장 우선적으로 사용하는 수액은?,"[""5% 포도당"", ""0.45% 식염수"", ""생리식염수"", ""5% 알부민"", ""수돗물""]",2,심한 탈수의 응급 처치는 등장성 생리식염수(N/S) 20mL/kg 빠른 정주.,"[""아동"", ""탈수"", ""수액치료""]",샘플 시드 (Day 3),
NURSING,정신간호학,조현병,MEDIUM,SINGLE_CHOICE,조현병의 음성증상에 해당하는 것은?,"[""환청"", ""망상"", ""와해된 언어"", ""정서적 둔마"", ""긴장증적 행동""]",3,"음성증상: 정서둔마, 무의욕, 사회위축, 무쾌감. 양성증상: 환청, 망상, 와해된 언어/행동.","[""정신"", ""조현병"", ""음성증상""]",샘플 시드 (Day 3),
NURSING,정신간호학,우울증,MEDIUM,SINGLE_CHOICE,우울증 환자에게 가장 우선적으로 평가해야 할 항목은?,"[""식욕"", ""수면"", ""자살사고"", ""활동량"", ""체중""]",2,자살 위험성 평가가 항상 최우선. 자살사고 → 계획 → 수단의 단계적 사정 필요.,"[""정신"", ""우울"", ""자살사정""]",샘플 시드 (Day 3),
NURSING,정신간호학,불안장애,MEDIUM,SINGLE_CHOICE,공황발작 환자에게 가장 효과적인 간호중재는?,"[""혼자 두기"", ""조용하고 안전한 환경 제공"", ""강하게 자극"", ""운동 권유"", ""외출 권유""]",1,조용하고 안전한 환경에서 차분한 목소리로 안심시키고 호흡 조절을 돕는다.,"[""정신"", ""공황장애"", ""급성중재""]",샘플 시드 (Day 3),
NURSING,정신간호학,양극성장애,HARD,SINGLE_CHOICE,양극성장애 조증 환자에게 적합한 식이는?,"[""고열량 유동식"", ""저열량 식이"", ""들고 다니며 먹을 수 있는 finger food"", ""금식"", ""정맥 영양""]",2,조증 환자는 한 자리에 앉아 식사하기 어려우므로 휴대 가능한 finger food가 적절.,"[""정신"", ""조증"", ""영양간호""]",샘플 시드 (Day 3),
NURSING,정신간호학,약물치료,HARD,SINGLE_CHOICE,리튬(lithium) 치료 환자에게 가장 중요한 모니터링 항목은?,"[""체온"", ""혈청 리튬 농도"", ""혈압"", ""맥박"", ""체중""]",1,"치료 농도 0.6~1.2 mEq/L. 1.5 이상에서 독성 증상(떨림, 설사, 의식변화) 발생.","[""정신"", ""리튬"", ""약물모니터링""]",샘플 시드 (Day 3),
NURSING,정신간호학,약물치료,MEDIUM,SINGLE_CHOICE,정형 항정신병약물의 추체외로증상이 아닌 것은?,"[""급성 근긴장이상"", ""정좌불능증"", ""지연성 운동이상증"", ""파킨슨증"", ""구갈""]",4,"EPS 4종: 급성 근긴장이상, 정좌불능증, 파킨슨증, 지연성 운동이상증. 구갈은 항콜린성 부작용.","[""정신"", ""항정신병약"", ""EPS""]",샘플 시드 (Day 3),
NURSING,정신간호학,치료적관계,MEDIUM,SINGLE_CHOICE,치료적 관계의 본질적 요소가 아닌 것은?,"[""신뢰"", ""공감"", ""진실성"", ""수용"", ""개인적 친밀감""]",4,치료적 관계는 전문적 경계를 유지하며 사적인 친밀감과 구분되어야 한다.,"[""정신"", ""치료적관계"", ""의사소통""]",샘플 시드 (Day 3),
NURSING,정신간호학,위기간호,MEDIUM,SINGLE_CHOICE,자살 위험이 매우 높은 환자에게 가장 우선적으로 시행해야 할 것은?,"[""1:1 관찰"", ""약물 투여"", ""가족 면회 제한"", ""운동 권유"", ""독서 권유""]",0,자살 고위험군은 24시간 1:1 관찰과 위험물 제거가 우선.,"[""정신"", ""자살예방"", ""위기""]",샘플 시드 (Day 3),
NURSING,정신간호학,물질사용장애,HARD,SINGLE_CHOICE,알코올 금단 섬망(DT)의 가장 위험한 합병증은?,"[""환시"", ""발작"", ""심혈관 허탈/사망"", ""수면장애"", ""식욕부진""]",2,치료하지 않으면 사망률이 5~15%에 달한다. 벤조디아제핀 투여가 핵심.,"[""정신"", ""알코올"", ""금단섬망""]",샘플 시드 (Day 3),
NURSING,정신간호학,방어기제,MEDIUM,SINGLE_CHOICE,수용할 수 없는 충동을 사회적으로 인정되는 활동으로 전환하는 방어기제는?,"[""억압"", ""투사"", ""승화"", ""반동형성"", ""합리화""]",2,승화(sublimation)는 가장 성숙한 방어기제. 예: 공격성을 운동으로 전환.,"[""정신"", ""방어기제"", ""심리""]",샘플 시드 (Day 3),
NURSING,지역사회간호학,보건사업,MEDIUM,SINGLE_CHOICE,1차 예방에 해당하는 활동은?,"[""고혈압 환자의 약물복용 교육"", ""암 조기검진"", ""예방접종"", ""재활치료"", ""투석""]",2,1차 예방: 건강증진/특이예방(예방접종). 2차: 조기진단/조기치료. 3차: 재활/합병증 예방.,"[""지역사회"", ""예방"", ""보건교육""]",샘플 시드 (Day 3),
NURSING,지역사회간호학,역학,MEDIUM,SINGLE_CHOICE,발생률(incidence rate) 계산의 분자는?,"[""특정 시점의 환자수"", ""특정 기간의 신환자수"", ""전체 사망자수"", ""치유된 환자수"", ""전체 인구수""]",1,발생률 = 일정 기간 새로 발생한 환자수 / 위험인구. 유병률은 시점 환자수.,"[""지역사회"", ""역학"", ""발생률""]",샘플 시드 (Day 3),
NURSING,지역사회간호학,감염병관리,MEDIUM,SINGLE_CHOICE,감염병 신고체계에서 즉시 신고해야 하는 1급 감염병에 해당하는 것은?,"[""결핵"", ""에볼라바이러스병"", ""수두"", ""B형간염"", ""독감""]",1,"1급은 생물테러감염병/치명률 높은 신종으로 즉시 신고. 에볼라, 페스트, 두창 등.","[""지역사회"", ""감염병"", ""신고체계""]",샘플 시드 (Day 3),
NURSING,지역사회간호학,모자보건,EASY,SINGLE_CHOICE,영아사망률 계산에서 분자는?,"[""1세 미만 사망아 수"", ""신생아 사망 수"", ""출생아 수"", ""임신 사망 수"", ""5세 미만 사망 수""]",0,영아사망률 = 1세 미만 사망아수 / 1년간 출생아수 × 1000.,"[""지역사회"", ""모자보건"", ""영아사망률""]",샘플 시드 (Day 3),
NURSING,지역사회간호학,지역사회사정,MEDIUM,SINGLE_CHOICE,지역사회 간호사정 자료수집 방법 중 객관성이 가장 높은 것은?,"[""관찰"", ""면담"", ""설문"", ""공식 통계자료"", ""개인 의견""]",3,공식 통계는 검증된 데이터로 객관성이 가장 높다.,"[""지역사회"", ""사정"", ""자료수집""]",샘플 시드 (Day 3),
NURSING,지역사회간호학,건강증진,MEDIUM,SINGLE_CHOICE,오타와 헌장의 5대 활동영역이 아닌 것은?,"[""건강한 공공정책 수립"", ""지지적 환경 조성"", ""지역사회 활동 강화"", ""개인 기술 개발"", ""약물치료 강화""]",4,"오타와 5대 영역: 정책수립, 환경조성, 지역사회활동, 개인기술, 보건의료방향 재설정.","[""지역사회"", ""건강증진"", ""오타와헌장""]",샘플 시드 (Day 3),
NURSING,지역사회간호학,방문간호,MEDIUM,SINGLE_CHOICE,방문간호 시 가장 우선적으로 해야 할 일은?,"[""병력 청취"", ""신체 검진"", ""안전 사정"", ""교육 자료 배포"", ""투약""]",2,"가정환경의 안전(낙상위험, 위생, 화재 등)을 우선 사정한다.","[""지역사회"", ""방문간호""]",샘플 시드 (Day 3),
NURSING,지역사회간호학,산업간호,MEDIUM,SINGLE_CHOICE,산업재해의 주요 원인 중 인적요인에 해당하는 것은?,"[""안전장비 미흡"", ""불완전한 작업환경"", ""작업자의 부주의"", ""기계 결함"", ""조명 부족""]",2,"인적요인: 부주의, 피로, 기술부족. 물적요인: 환경/기계.","[""지역사회"", ""산업간호"", ""재해""]",샘플 시드 (Day 3),
NURSING,지역사회간호학,학교보건,EASY,SINGLE_CHOICE,학교 응급실 비치품으로 적절하지 않은 것은?,"[""반창고"", ""소독제"", ""체온계"", ""처방전 없는 항생제"", ""냉찜질팩""]",3,처방 약물(특히 항생제)은 학교 비치품에서 제외.,"[""지역사회"", ""학교보건""]",샘플 시드 (Day 3),
NURSING,지역사회간호학,가족간호,MEDIUM,SINGLE_CHOICE,가족 사정의 도구로 가족 구조와 관계를 도식화하는 것은?,"[""사회지지도"", ""가계도(genogram)"", ""가족 연표"", ""외부체계도"", ""가족생활주기""]",1,"Genogram은 3세대 이상의 가족 구조와 관계, 질병력을 시각화한다.","[""지역사회"", ""가족간호"", ""가계도""]",샘플 시드 (Day 3),
NURSING,기본간호학,활력징후,EASY,SINGLE_CHOICE,성인의 정상 맥박 범위는?,"[""40~60회/분"", ""60~100회/분"", ""100~120회/분"", ""120~140회/분"", ""140~160회/분""]",1,"정상 성인 맥박 60~100회/분. 60 미만 서맥, 100 초과 빈맥.","[""기본간호"", ""활력징후""]",샘플 시드 (Day 3),
NURSING,기본간호학,감염관리,MEDIUM,SINGLE_CHOICE,표준주의(Standard Precautions)의 핵심 원칙은?,"[""감염병 환자만 적용"", ""모든 환자의 혈액·체액을 잠재적 감염원으로 간주"", ""고위험군만 적용"", ""혈액 노출 시에만 적용"", ""수술 환자만 적용""]",1,"표준주의는 모든 환자에게 적용되며, 감염 여부와 무관하게 모든 체액을 감염성으로 본다.","[""기본간호"", ""감염관리"", ""표준주의""]",샘플 시드 (Day 3),
NURSING,기본간호학,투약,MEDIUM,SINGLE_CHOICE,투약의 5R(5 Rights)이 아닌 것은?,"[""정확한 환자"", ""정확한 약물"", ""정확한 용량"", ""정확한 가격"", ""정확한 시간""]",3,"5R: Right patient, drug, dose, route, time.","[""기본간호"", ""투약"", ""5R""]",샘플 시드 (Day 3),
NURSING,기본간호학,체위,EASY,SINGLE_CHOICE,쇼크 환자의 적절한 체위는?,"[""좌위"", ""반좌위"", ""변형 트렌델렌버그(modified Trendelenburg)"", ""엎드린 자세"", ""쇄석위""]",2,다리만 거상하는 변형 트렌델렌버그가 정맥 환류를 도와 뇌 관류 유지에 도움.,"[""기본간호"", ""체위"", ""쇼크""]",샘플 시드 (Day 3),
NURSING,기본간호학,상처간호,MEDIUM,SINGLE_CHOICE,욕창 1단계의 특징은?,"[""표재성 피부 손실"", ""압력을 제거해도 사라지지 않는 발적"", ""전층 피부 손실"", ""근육 노출"", ""뼈 노출""]",1,1단계: non-blanching erythema(눌러도 창백해지지 않는 발적).,"[""기본간호"", ""욕창"", ""피부간호""]",샘플 시드 (Day 3),
NURSING,기본간호학,영양,MEDIUM,SINGLE_CHOICE,비위관 영양 전 가장 먼저 확인해야 할 사항은?,"[""영양액 온도"", ""비위관 위치 확인"", ""환자 체위"", ""활력징후"", ""투약 시간""]",1,비위관이 위 내에 있는지 위 내용물 흡인/pH 검사로 확인 후 주입한다.,"[""기본간호"", ""비위관"", ""영양간호""]",샘플 시드 (Day 3),
NURSING,보건의약관계법규,의료법,MEDIUM,SINGLE_CHOICE,의료법상 간호사의 면허 결격사유에 해당하지 않는 것은?,"[""정신질환자"", ""마약중독자"", ""금치산자"", ""면허 취소 후 1년 미경과자"", ""고등학교 졸업자""]",4,"고졸은 결격사유가 아님. 결격: 정신질환, 마약중독, 금치산, 면허취소 후 일정기간 미경과.","[""법규"", ""의료법"", ""면허""]",샘플 시드 (Day 3),
NURSING,보건의약관계법규,감염병예방법,MEDIUM,SINGLE_CHOICE,감염병 예방법상 1급 감염병의 신고 시점은?,"[""즉시"", ""24시간 이내"", ""7일 이내"", ""30일 이내"", ""다음 분기""]",0,"1급은 즉시(전화/팩스), 2~3급은 24시간 이내 신고.","[""법규"", ""감염병"", ""신고""]",샘플 시드 (Day 3),
NURSING,보건의약관계법규,응급의료법,MEDIUM,SINGLE_CHOICE,응급의료에 관한 법률에서 응급환자에 대한 응급의료 거부 시 처벌되는 것은?,"[""정당한 사유 없는 거부"", ""환자가 비응급일 때"", ""전원이 필요할 때"", ""의료진 부족 시"", ""보호자 동의 없을 때""]",0,정당한 사유 없이 응급의료를 거부/기피한 의료인은 처벌 대상.,"[""법규"", ""응급의료법""]",샘플 시드 (Day 3),
NURSING,보건의약관계법규,국민건강보험법,EASY,SINGLE_CHOICE,우리나라 국민건강보험의 가입 형태는?,"[""임의가입"", ""선택가입"", ""강제가입"", ""단체가입만"", ""직장가입만""]",2,전 국민 강제가입(직장가입자 + 지역가입자).,"[""법규"", ""건강보험""]",샘플 시드 (Day 3),
NURSING,보건의약관계법규,의료법,HARD,SINGLE_CHOICE,의료법상 의료인의 비밀누설 금지 대상이 아닌 것은?,"[""환자의 진료기록"", ""환자의 가족력"", ""환자의 소속회사"", ""법령에 따른 정보 제공"", ""환자의 진단명""]",3,법령에 따른 의무 신고(감염병 등)는 비밀누설 금지의 예외.,"[""법규"", ""의료법"", ""비밀유지""]",샘플 시드 (Day 3),
PHYSICAL_THERAPY,신경계물리치료,뇌졸중,MEDIUM,SINGLE_CHOICE,뇌졸중 환자의 편마비 회복을 위한 Brunnstrom 단계 중 협응 운동이 가능한 단계는?,"[""1단계"", ""2단계"", ""3단계"", ""5단계"", ""6단계""]",4,Brunnstrom 6단계: 정상에 가까운 협응 운동 가능. 3단계는 수의적 공동운동.,"[""신경"", ""뇌졸중"", ""Brunnstrom""]",샘플 시드 (Day 3),
PHYSICAL_THERAPY,신경계물리치료,뇌졸중,MEDIUM,SINGLE_CHOICE,좌측 뇌손상 환자에게서 흔히 나타나는 증상은?,"[""좌측 편마비"", ""우측 편마비와 실어증"", ""양측 마비"", ""안면 마비만"", ""감각 소실만""]",1,좌측 뇌(보통 우세 반구) 손상은 우측 편마비와 언어장애(실어증)를 동반한다.,"[""신경"", ""뇌졸중"", ""편마비""]",샘플 시드 (Day 3),
PHYSICAL_THERAPY,신경계물리치료,척수손상,HARD,SINGLE_CHOICE,C6 완전 척수손상 환자가 독립적으로 수행할 수 있는 활동은?,"[""보행"", ""휠체어 이동 및 자가 도뇨"", ""계단 오르기"", ""달리기"", ""점프""]",1,C6 손상자는 손목 신전근 사용 가능 → 휠체어 추진과 자가 도뇨 가능.,"[""신경"", ""척수손상"", ""ADL""]",샘플 시드 (Day 3),
PHYSICAL_THERAPY,신경계물리치료,척수손상,MEDIUM,SINGLE_CHOICE,척수손상 환자의 자율신경 반사부전(autonomic dysreflexia)의 가장 흔한 원인은?,"[""저혈압"", ""방광 팽만"", ""고열"", ""기립성 저혈압"", ""근경직""]",1,T6 이상 손상자에서 방광/직장 팽만 등 손상부 이하 자극으로 발생. 즉시 자극원 제거.,"[""신경"", ""척수손상"", ""응급""]",샘플 시드 (Day 3),
PHYSICAL_THERAPY,신경계물리치료,파킨슨,MEDIUM,SINGLE_CHOICE,파킨슨병의 4대 증상이 아닌 것은?,"[""진전"", ""근경직"", ""운동완만"", ""자세 불안정"", ""마비""]",4,"파킨슨병 4대 증상: 떨림, 강직, 운동완서, 자세불안정. 마비는 해당 안 됨.","[""신경"", ""파킨슨""]",샘플 시드 (Day 3),
PHYSICAL_THERAPY,신경계물리치료,파킨슨,MEDIUM,SINGLE_CHOICE,파킨슨병 환자의 보행 훈련 시 가장 효과적인 단서(cue)는?,"[""청각 단서(메트로놈)"", ""시각 단서만"", ""촉각 단서만"", ""후각 단서"", ""단서 없음""]",0,리듬 청각 자극(RAS)이 파킨슨 보행의 동결과 보폭 단축을 개선한다.,"[""신경"", ""파킨슨"", ""보행""]",샘플 시드 (Day 3),
PHYSICAL_THERAPY,신경계물리치료,다발경화증,MEDIUM,SINGLE_CHOICE,다발경화증 환자의 운동 시 주의해야 할 점은?,"[""고온 환경에서 운동"", ""장시간 강도 높은 운동"", ""체온 상승 회피와 적절한 휴식"", ""수영장 사용 금지"", ""운동 금기""]",2,Uhthoff 현상: 체온 상승 시 신경증상 악화. 시원한 환경에서 짧은 운동을 자주 한다.,"[""신경"", ""다발경화증"", ""Uhthoff""]",샘플 시드 (Day 3),
PHYSICAL_THERAPY,신경계물리치료,신경발달,HARD,SINGLE_CHOICE,Bobath 접근법(NDT)의 주요 목표는?,"[""근력 강화"", ""비정상 운동 패턴 억제와 정상 자세 반응 촉진"", ""관절가동범위 증가"", ""지구력 향상"", ""통증 감소""]",1,Bobath/NDT는 비정상 톤과 패턴을 억제하고 정상 운동을 촉진한다.,"[""신경"", ""Bobath"", ""NDT""]",샘플 시드 (Day 3),
PHYSICAL_THERAPY,신경계물리치료,균형,MEDIUM,SINGLE_CHOICE,Berg Balance Scale의 총점은?,"[""20점"", ""36점"", ""56점"", ""100점"", ""120점""]",2,BBS는 14개 항목 × 0~4점 = 총 56점.,"[""신경"", ""균형"", ""평가도구""]",샘플 시드 (Day 3),
PHYSICAL_THERAPY,신경계물리치료,보행분석,MEDIUM,SINGLE_CHOICE,정상 보행 주기에서 입각기(stance phase)가 차지하는 비율은?,"[""20%"", ""40%"", ""50%"", ""60%"", ""80%""]",3,"정상 보행: 입각기 60%, 유각기 40%.","[""신경"", ""보행"", ""보행주기""]",샘플 시드 (Day 3),
PHYSICAL_THERAPY,신경계물리치료,말초신경,MEDIUM,SINGLE_CHOICE,수근관 증후군(carpal tunnel syndrome)에서 압박되는 신경은?,"[""요골신경"", ""정중신경"", ""척골신경"", ""근피신경"", ""액와신경""]",1,"수근관에서 정중신경이 압박. 무지구 위축, 야간 통증, Tinel sign 양성.","[""신경"", ""말초신경"", ""CTS""]",샘플 시드 (Day 3),
PHYSICAL_THERAPY,신경계물리치료,말초신경,MEDIUM,SINGLE_CHOICE,Erb's palsy에서 손상되는 신경근은?,"[""C3-C4"", ""C5-C6"", ""C7-C8"", ""T1-T2"", ""L4-L5""]",1,Erb-Duchenne 마비는 상부 완신경총(C5-C6) 손상. 'waiter's tip' 자세.,"[""신경"", ""완신경총"", ""Erb""]",샘플 시드 (Day 3),
PHYSICAL_THERAPY,신경계물리치료,치매,MEDIUM,SINGLE_CHOICE,치매 환자의 운동치료 원칙으로 옳지 않은 것은?,"[""단순하고 반복적인 동작"", ""친숙한 환경"", ""복잡한 다단계 지시"", ""긍정적 강화"", ""짧은 회기""]",2,복잡한 지시는 인지 부하를 증가시켜 부적절. 단순/반복/친숙이 핵심.,"[""신경"", ""치매"", ""노인""]",샘플 시드 (Day 3),
PHYSICAL_THERAPY,신경계물리치료,전기치료,MEDIUM,SINGLE_CHOICE,기능적 전기자극(FES)의 주된 적용 대상은?,"[""정상 근육"", ""상위운동신경원 손상으로 마비된 근육"", ""골절 부위"", ""급성 염증"", ""악성종양""]",1,UMN 손상으로 운동 명령은 안 가지만 말초신경/근육은 살아있는 경우 FES로 수축 유도.,"[""신경"", ""FES"", ""전기치료""]",샘플 시드 (Day 3),
PHYSICAL_THERAPY,신경계물리치료,재활,HARD,SINGLE_CHOICE,뇌졸중 환자의 견갑통(shoulder pain) 예방을 위한 가장 중요한 중재는?,"[""수동 어깨 운동 금지"", ""올바른 자세 지지와 support sling 사용"", ""강한 견인"", ""냉찜질만"", ""약물치료만""]",1,이완성 마비기에는 견관절 아탈구 예방이 중요. 적절한 지지와 자세 관리가 핵심.,"[""신경"", ""뇌졸중"", ""견갑통""]",샘플 시드 (Day 3),
PHYSICAL_THERAPY,근골격계물리치료,어깨,MEDIUM,SINGLE_CHOICE,회전근개 손상 중 가장 흔히 손상되는 근육은?,"[""견갑하근"", ""극상근(supraspinatus)"", ""극하근"", ""소원근"", ""삼각근""]",1,견봉 아래 좁은 공간을 지나는 극상근이 충돌증후군과 함께 가장 흔히 손상된다.,"[""근골격"", ""회전근개"", ""어깨""]",샘플 시드 (Day 3),
PHYSICAL_THERAPY,근골격계물리치료,어깨,MEDIUM,SINGLE_CHOICE,동결견(frozen shoulder)의 가장 큰 특징은?,"[""통증만"", ""능동·수동 모두 ROM 제한"", ""능동만 제한"", ""수동만 제한"", ""근력 약화만""]",1,관절낭 유착으로 능동·수동 모두 외회전 위주로 제한.,"[""근골격"", ""동결견"", ""어깨""]",샘플 시드 (Day 3),
PHYSICAL_THERAPY,근골격계물리치료,무릎,MEDIUM,SINGLE_CHOICE,전방십자인대(ACL) 검사로 가장 적절한 것은?,"[""McMurray test"", ""Lachman test"", ""Apley test"", ""Thomas test"", ""Phalen test""]",1,Lachman test가 ACL 파열 진단에 가장 민감(굴곡 20~30도).,"[""근골격"", ""무릎"", ""ACL""]",샘플 시드 (Day 3),
PHYSICAL_THERAPY,근골격계물리치료,무릎,HARD,SINGLE_CHOICE,무릎 전치환술 후 재활 초기 단계의 우선 목표는?,"[""근력 강화"", ""통증·부종 관리와 ROM 회복"", ""달리기"", ""점프 훈련"", ""스포츠 복귀""]",1,"초기 1~2주는 부종/통증 관리, 90도 굴곡 확보가 핵심.","[""근골격"", ""TKR"", ""재활""]",샘플 시드 (Day 3),
PHYSICAL_THERAPY,근골격계물리치료,허리,MEDIUM,SINGLE_CHOICE,요추 추간판 탈출증의 신경학적 검사로 적절한 것은?,"[""Phalen test"", ""Straight Leg Raising(SLR)"", ""Apley test"", ""McMurray test"", ""Thomas test""]",1,SLR(하지직거상) 검사가 양성이면 좌골신경근 압박을 의심.,"[""근골격"", ""허리"", ""추간판""]",샘플 시드 (Day 3),
PHYSICAL_THERAPY,근골격계물리치료,허리,MEDIUM,SINGLE_CHOICE,맥켄지(McKenzie) 신전 운동이 적용되는 환자는?,"[""굴곡으로 통증 완화되는 환자"", ""신전으로 통증 완화되는 환자"", ""회전 시 악화 환자"", ""골절 환자"", ""급성 골절""]",1,디스크 후방 탈출 환자에서 신전으로 centralization되면 McKenzie 신전 운동 적용.,"[""근골격"", ""허리"", ""McKenzie""]",샘플 시드 (Day 3),
PHYSICAL_THERAPY,근골격계물리치료,발/발목,MEDIUM,SINGLE_CHOICE,발목 염좌 중 가장 흔한 손상 기전은?,"[""내번 손상"", ""외번 손상"", ""회내 손상"", ""회외 손상"", ""굴곡 손상""]",0,내번(inversion) 손상으로 ATFL이 가장 흔히 손상.,"[""근골격"", ""발목"", ""염좌""]",샘플 시드 (Day 3),
PHYSICAL_THERAPY,근골격계물리치료,골절,MEDIUM,SINGLE_CHOICE,골절 치유 단계 중 임시 가골이 형성되는 시기는?,"[""혈종 형성기"", ""염증기"", ""골 가골 형성기"", ""성숙기"", ""재형성기""]",2,골절 후 약 2~3주에 가골(callus)이 형성된다.,"[""근골격"", ""골절"", ""치유단계""]",샘플 시드 (Day 3),
PHYSICAL_THERAPY,근골격계물리치료,척추,MEDIUM,SINGLE_CHOICE,정상 성인의 경추 만곡은?,"[""후만"", ""전만"", ""측만"", ""직선"", ""변형""]",1,"경추는 전만(lordosis), 흉추는 후만, 요추는 전만, 천추는 후만.","[""근골격"", ""척추"", ""만곡""]",샘플 시드 (Day 3),
PHYSICAL_THERAPY,근골격계물리치료,척추,HARD,SINGLE_CHOICE,특발성 척추측만증의 진단 기준 Cobb angle은?,"[""5도 이상"", ""10도 이상"", ""20도 이상"", ""30도 이상"", ""45도 이상""]",1,"Cobb angle 10도 이상이면 측만증으로 진단. 20도부터 보조기, 40~50도부터 수술 고려.","[""근골격"", ""척추측만"", ""Cobb""]",샘플 시드 (Day 3),
PHYSICAL_THERAPY,근골격계물리치료,관절염,MEDIUM,SINGLE_CHOICE,류마티스 관절염과 골관절염의 차이로 옳은 것은?,"[""RA는 기상 시 강직이 30분 이상 지속"", ""OA는 양측 대칭"", ""RA는 큰 관절만 침범"", ""OA는 자가면역 질환"", ""RA는 노인에서만 발생""]",0,"RA는 morning stiffness가 1시간 이상 지속, 양측 대칭, 작은 관절(MCP/PIP) 침범.","[""근골격"", ""관절염"", ""감별진단""]",샘플 시드 (Day 3),
PHYSICAL_THERAPY,근골격계물리치료,근막통증,MEDIUM,SINGLE_CHOICE,근막통증증후군의 특징은?,"[""전신 통증"", ""특정 근육에 압통점(trigger point)과 연관통"", ""관절통"", ""신경통"", ""혈관통""]",1,Trigger point가 핵심. 압박 시 referred pain 발생.,"[""근골격"", ""근막통증"", ""TrP""]",샘플 시드 (Day 3),
PHYSICAL_THERAPY,근골격계물리치료,도수치료,HARD,SINGLE_CHOICE,Maitland 등급 중 통증 완화를 위해 사용하는 등급은?,"[""I~II"", ""III"", ""IV"", ""V"", ""모든 등급""]",0,"I~II 등급은 통증 완화 목적, III~IV는 가동범위 증가, V는 thrust(고속저진폭).","[""근골격"", ""Maitland"", ""도수치료""]",샘플 시드 (Day 3),
PHYSICAL_THERAPY,근골격계물리치료,운동치료,MEDIUM,SINGLE_CHOICE,PNF의 D1 굴곡 패턴의 어깨 동작은?,"[""굴곡-내전-외회전"", ""굴곡-외전-내회전"", ""신전-외전-내회전"", ""신전-내전-외회전"", ""굴곡-내전-내회전""]",0,PNF D1 flexion: 견관절 굴곡-내전-외회전.,"[""근골격"", ""PNF"", ""운동치료""]",샘플 시드 (Day 3),
PHYSICAL_THERAPY,근골격계물리치료,물리적인자,MEDIUM,SINGLE_CHOICE,초음파 치료의 깊이가 가장 깊은 주파수는?,"[""1 MHz"", ""3 MHz"", ""5 MHz"", ""10 MHz"", ""동일""]",0,"1 MHz는 5cm까지, 3 MHz는 1~2cm까지 침투.","[""근골격"", ""초음파"", ""물리적인자""]",샘플 시드 (Day 3),
PHYSICAL_THERAPY,심폐물리치료,호흡,MEDIUM,SINGLE_CHOICE,COPD 환자에게 권장되는 호흡법은?,"[""흉식 호흡"", ""입술오므리기 호흡(pursed-lip)"", ""빠른 호흡"", ""얕은 호흡"", ""참기""]",1,Pursed-lip breathing은 PEEP를 유지해 기도 허탈을 방지하고 호기를 효과적으로.,"[""심폐"", ""COPD"", ""호흡법""]",샘플 시드 (Day 3),
PHYSICAL_THERAPY,심폐물리치료,기관지위생,MEDIUM,SINGLE_CHOICE,체위배액의 효과를 가장 잘 얻을 수 있는 자세는?,"[""앉은 자세"", ""선 자세"", ""분비물이 있는 폐 부위가 위로 가도록 자세"", ""엎드린 자세"", ""측위만""]",2,중력을 이용하여 분비물이 큰 기도로 흘러내리도록 환부를 위쪽에 둔다.,"[""심폐"", ""체위배액"", ""기관지위생""]",샘플 시드 (Day 3),
PHYSICAL_THERAPY,심폐물리치료,심장재활,HARD,SINGLE_CHOICE,심장재활 프로그램에서 운동 강도 결정에 사용되는 가장 적절한 지표는?,"[""연령"", ""체중"", ""Borg 자각운동강도(RPE)와 심박수"", ""혈압만"", ""성별""]",2,"RPE 11~14, 안정시 심박수 + 20~30 bpm 범위가 일반적 권장.","[""심폐"", ""심장재활"", ""운동강도""]",샘플 시드 (Day 3),
PHYSICAL_THERAPY,심폐물리치료,운동검사,MEDIUM,SINGLE_CHOICE,6분 보행검사(6MWT)의 주요 평가 항목은?,"[""최대 심박수"", ""걸은 거리와 호흡곤란 정도"", ""혈압만"", ""산소포화도만"", ""근력""]",1,6분간 걸은 거리(m)와 운동 전후 SpO2/RPE/HR 변화를 측정.,"[""심폐"", ""6MWT"", ""운동검사""]",샘플 시드 (Day 3),
PHYSICAL_THERAPY,심폐물리치료,흉부타진,MEDIUM,SINGLE_CHOICE,흉부타진(percussion)의 금기증이 아닌 것은?,"[""갈비뼈 골절"", ""객혈"", ""기흉"", ""안정형 만성기관지염"", ""골다공증""]",3,안정형 만성기관지염은 적응증. 골절/객혈/기흉/골다공증은 금기.,"[""심폐"", ""흉부타진"", ""금기""]",샘플 시드 (Day 3),
PHYSICAL_THERAPY,심폐물리치료,산소요법,MEDIUM,SINGLE_CHOICE,운동 중 산소포화도(SpO2)가 어느 정도 떨어지면 운동을 중단해야 하는가?,"[""95% 미만"", ""92% 미만"", ""88% 미만"", ""85% 미만"", ""80% 미만""]",2,일반적으로 88% 미만이면 운동 중단. 환자에 따라 90% 기준 적용.,"[""심폐"", ""산소포화도"", ""운동""]",샘플 시드 (Day 3),
PHYSICAL_THERAPY,심폐물리치료,흉부확장운동,EASY,SINGLE_CHOICE,수술 후 폐합병증 예방을 위한 가장 일반적인 운동은?,"[""스쿼트"", ""심호흡과 기침"", ""복근운동"", ""하지 근력"", ""요가""]",1,심호흡과 효과적인 기침으로 폐 확장과 분비물 제거를 돕는다.,"[""심폐"", ""수술후"", ""예방""]",샘플 시드 (Day 3),
PHYSICAL_THERAPY,심폐물리치료,심전도,HARD,SINGLE_CHOICE,심전도에서 P파가 나타내는 것은?,"[""심방 탈분극"", ""심실 탈분극"", ""심실 재분극"", ""방실결절 전도"", ""심방 재분극""]",0,P파 = 심방 탈분극. QRS = 심실 탈분극. T파 = 심실 재분극.,"[""심폐"", ""심전도"", ""ECG""]",샘플 시드 (Day 3),
PHYSICAL_THERAPY,소아물리치료,발달,MEDIUM,SINGLE_CHOICE,정상 영아가 혼자 앉는 시기는?,"[""3개월"", ""4개월"", ""6개월"", ""9개월"", ""12개월""]",2,6개월경에 지지 없이 앉기 가능.,"[""소아"", ""발달이정표""]",샘플 시드 (Day 3),
PHYSICAL_THERAPY,소아물리치료,뇌성마비,HARD,SINGLE_CHOICE,GMFCS(대운동기능분류) 단계 중 보조기 없이 보행 가능하지만 야외/계단에서 제한이 있는 단계는?,"[""Level I"", ""Level II"", ""Level III"", ""Level IV"", ""Level V""]",1,"Level II는 실내 보행 가능, 야외/계단 등에서 제한.","[""소아"", ""뇌성마비"", ""GMFCS""]",샘플 시드 (Day 3),
PHYSICAL_THERAPY,소아물리치료,뇌성마비,MEDIUM,SINGLE_CHOICE,경직형 뇌성마비 환아의 가장 흔한 자세 이상은?,"[""외전된 다리"", ""가위자세(scissoring)"", ""굴곡된 척추"", ""신전된 손가락"", ""회전된 머리""]",1,내전근의 경직으로 양 다리가 교차되는 가위자세가 특징.,"[""소아"", ""뇌성마비"", ""경직""]",샘플 시드 (Day 3),
PHYSICAL_THERAPY,소아물리치료,사경,MEDIUM,SINGLE_CHOICE,선천성 근성 사경(torticollis)의 원인 근육은?,"[""흉쇄유돌근(SCM)"", ""승모근"", ""광경근"", ""이복근"", ""사각근""]",0,흉쇄유돌근의 단축으로 머리가 같은 쪽으로 기울고 반대쪽으로 회전.,"[""소아"", ""사경"", ""SCM""]",샘플 시드 (Day 3),
PHYSICAL_THERAPY,소아물리치료,이분척추,MEDIUM,SINGLE_CHOICE,이분척추(spina bifida) 환아 간호 시 주의사항은?,"[""라텍스 알레르기 주의"", ""단백질 제한"", ""수분 제한"", ""운동 금지"", ""햇빛 차단""]",0,잦은 수술로 라텍스 노출이 많아 알레르기 발생률이 높다.,"[""소아"", ""이분척추""]",샘플 시드 (Day 3),
PHYSICAL_THERAPY,소아물리치료,근이영양증,HARD,SINGLE_CHOICE,Duchenne 근이영양증 환아의 특징적 동작은?,"[""발끝걷기"", ""Gowers' sign(바닥에서 일어날 때 다리를 짚고 올라옴)"", ""발가락 굴곡"", ""발목 외반"", ""발꿈치 걷기""]",1,근위부 근력 약화로 바닥에서 일어설 때 손으로 다리를 짚고 올라오는 Gowers' sign이 특징.,"[""소아"", ""DMD"", ""Gowers""]",샘플 시드 (Day 3),
PHYSICAL_THERAPY,소아물리치료,조산아,MEDIUM,SINGLE_CHOICE,조산아의 발달 평가 시 보정 연령(corrected age)은 보통 몇 세까지 사용하는가?,"[""6개월"", ""12개월"", ""18~24개월"", ""5세"", ""10세""]",2,보통 24개월(2세)까지 보정 연령을 사용한다.,"[""소아"", ""조산아"", ""보정연령""]",샘플 시드 (Day 3),
PHYSICAL_THERAPY,물리치료진단평가,MMT,EASY,SINGLE_CHOICE,MMT(도수근력검사) 4등급의 의미는?,"[""근수축 없음"", ""근수축만 가능"", ""중력 제거 시 ROM 가능"", ""중력 이긴 ROM + 약간 저항"", ""정상 저항""]",3,MMT 4(Good)는 중력에 저항하면서 약간의 저항도 이길 수 있는 상태.,"[""평가"", ""MMT"", ""근력""]",샘플 시드 (Day 3),
PHYSICAL_THERAPY,물리치료진단평가,ROM,MEDIUM,SINGLE_CHOICE,정상 어깨 굴곡 ROM은?,"[""90도"", ""120도"", ""150도"", ""180도"", ""200도""]",3,정상 어깨 굴곡은 0~180도.,"[""평가"", ""ROM"", ""어깨""]",샘플 시드 (Day 3),
PHYSICAL_THERAPY,물리치료진단평가,감각,MEDIUM,SINGLE_CHOICE,C7 피부분절(dermatome)에 해당하는 부위는?,"[""엄지"", ""검지"", ""중지"", ""약지"", ""소지""]",2,C7은 중지(middle finger)에 해당.,"[""평가"", ""Dermatome"", ""신경""]",샘플 시드 (Day 3),
PHYSICAL_THERAPY,물리치료진단평가,심부건반사,MEDIUM,SINGLE_CHOICE,슬개건반사(patellar reflex)는 어느 신경근 수준을 평가하는가?,"[""L2-L3"", ""L3-L4"", ""L4-L5"", ""L5-S1"", ""S1-S2""]",1,슬개건반사는 L3-L4(주로 L4) 평가. 아킬레스건반사는 S1-S2.,"[""평가"", ""DTR"", ""L4""]",샘플 시드 (Day 3),
PHYSICAL_THERAPY,물리치료진단평가,ADL,MEDIUM,SINGLE_CHOICE,ADL 평가 도구로 가장 널리 사용되는 것은?,"[""Berg Scale"", ""FIM(Functional Independence Measure)"", ""Tinetti"", ""MMSE"", ""Borg""]",1,"FIM은 18개 항목 × 1~7점 = 총 126점, 일상생활 독립성을 평가.","[""평가"", ""ADL"", ""FIM""]",샘플 시드 (Day 3),
PHYSICAL_THERAPY,물리치료진단평가,통증평가,EASY,SINGLE_CHOICE,통증 평가 도구 중 0~10점으로 표시하는 것은?,"[""VAS(Visual Analog Scale)"", ""NRS(Numeric Rating Scale)"", ""McGill Pain Questionnaire"", ""FACES Scale"", ""FLACC""]",1,NRS는 0(통증 없음)~10(최악) 숫자 평가. VAS는 10cm 선상에 표시.,"[""평가"", ""통증"", ""NRS""]",샘플 시드 (Day 3),
PHYSICAL_THERAPY,물리치료진단평가,균형평가,MEDIUM,SINGLE_CHOICE,낙상 위험을 평가하는 검사가 아닌 것은?,"[""TUG(Timed Up and Go)"", ""Berg Balance Scale"", ""Tinetti"", ""MMT"", ""Functional Reach""]",3,MMT는 근력 평가. 나머지는 균형/낙상 평가.,"[""평가"", ""균형"", ""낙상""]",샘플 시드 (Day 3),
PHYSICAL_THERAPY,물리치료진단평가,관찰,MEDIUM,SINGLE_CHOICE,관절가동범위(ROM) 측정에 사용하는 도구는?,"[""측각기(goniometer)"", ""근력계"", ""심박계"", ""혈압계"", ""초음파""]",0,Goniometer가 표준 ROM 측정 도구.,"[""평가"", ""ROM"", ""도구""]",샘플 시드 (Day 3),
PHYSICAL_THERAPY,의료법규,의료기사법,MEDIUM,SINGLE_CHOICE,물리치료사 면허 발급 기관은?,"[""대한물리치료사협회"", ""보건복지부장관"", ""교육부장관"", ""병원장"", ""지자체""]",1,의료기사 면허는 보건복지부장관이 발급.,"[""법규"", ""면허""]",샘플 시드 (Day 3),
PHYSICAL_THERAPY,의료법규,의료기사법,MEDIUM,SINGLE_CHOICE,의료기사의 업무 범위로 옳은 것은?,"[""독립적 진단"", ""의사의 지도 아래 업무 수행"", ""약물 처방"", ""수술 보조 단독"", ""간호사 지도 아래 업무""]",1,의료기사는 의사 또는 치과의사의 지도 아래 업무를 수행한다.,"[""법규"", ""업무범위""]",샘플 시드 (Day 3),
PHYSICAL_THERAPY,의료법규,의료법,MEDIUM,SINGLE_CHOICE,의료법상 의료인이 아닌 직군은?,"[""의사"", ""치과의사"", ""한의사"", ""물리치료사"", ""간호사""]",3,"의료인 5종: 의사, 치과의사, 한의사, 조산사, 간호사. 물리치료사는 의료기사.","[""법규"", ""의료인""]",샘플 시드 (Day 3),
PHYSICAL_THERAPY,의료법규,감염병예방법,MEDIUM,SINGLE_CHOICE,감염병 예방을 위한 손위생의 가장 효과적인 방법은?,"[""물로 30초 헹굼"", ""비누와 흐르는 물로 40~60초 손씻기"", ""알코올 손소독제(60% 이상)"", ""아무것도 안 함"", ""장갑만 착용""]",1,비누 + 흐르는 물 40~60초가 표준. 가시적 오염 없을 때 알코올 손소독제 사용.,"[""법규"", ""감염예방""]",샘플 시드 (Day 3),
PHYSICAL_THERAPY,의료법규,산재보험법,MEDIUM,SINGLE_CHOICE,산업재해보상보험에서 물리치료가 해당되는 급여는?,"[""요양급여"", ""장해급여"", ""유족급여"", ""장의비"", ""휴업급여""]",0,치료 자체는 요양급여에 해당.,"[""법규"", ""산재""]",샘플 시드 (Day 3),
PHYSICAL_THERAPY,의료법규,노인장기요양보험,MEDIUM,SINGLE_CHOICE,장기요양 등급 판정 기준이 아닌 것은?,"[""신체기능"", ""인지기능"", ""행동변화"", ""간호처치"", ""월소득""]",4,장기요양 등급은 기능상태로 판정. 소득과 무관.,"[""법규"", ""장기요양""]",샘플 시드 (Day 3),
PHYSICAL_THERAPY,의료법규,의료기사법,HARD,SINGLE_CHOICE,물리치료사가 단독으로 개원할 수 있는가?,"[""가능"", ""불가능 — 의료기관 내에서만 업무 가능"", ""교육 후 가능"", ""5년 경력 후 가능"", ""지자체 허가 시 가능""]",1,의료기사는 의료기관 내에서 의사의 지도 아래 업무 수행. 단독 개원 불가.,"[""법규"", ""개원""]",샘플 시드 (Day 3),
DENTAL_HYGIENE,구강해부학,치아,EASY,SINGLE_CHOICE,성인의 영구치는 모두 몇 개인가?,"[""20개"", ""24개"", ""28개"", ""32개"", ""36개""]",3,성인 영구치는 사랑니 포함 32개 (사랑니 제외 시 28개).,"[""해부"", ""치아"", ""영구치""]",샘플 시드 (Day 3),
DENTAL_HYGIENE,구강해부학,치아,MEDIUM,SINGLE_CHOICE,유치는 모두 몇 개인가?,"[""16개"", ""18개"", ""20개"", ""24개"", ""28개""]",2,유치(deciduous teeth)는 20개. 영구 어금니의 자리에 유구치만 있다.,"[""해부"", ""치아"", ""유치""]",샘플 시드 (Day 3),
DENTAL_HYGIENE,구강해부학,치아,MEDIUM,SINGLE_CHOICE,치아의 가장 단단한 조직은?,"[""상아질(dentin)"", ""법랑질(enamel)"", ""백악질(cementum)"", ""치수(pulp)"", ""치조골""]",1,법랑질은 인체에서 가장 단단한 조직 (Mohs 5).,"[""해부"", ""법랑질""]",샘플 시드 (Day 3),
DENTAL_HYGIENE,구강해부학,구강,MEDIUM,SINGLE_CHOICE,혀의 미각을 담당하는 뇌신경 중 혀 후방 1/3의 미각을 담당하는 것은?,"[""삼차신경(V)"", ""안면신경(VII)"", ""설인신경(IX)"", ""미주신경(X)"", ""설하신경(XII)""]",2,"전방 2/3는 안면신경(VII) 고삭신경 분지, 후방 1/3은 설인신경(IX).","[""해부"", ""신경"", ""미각""]",샘플 시드 (Day 3),
DENTAL_HYGIENE,구강해부학,구강,HARD,SINGLE_CHOICE,악관절(TMJ)을 형성하는 뼈는?,"[""측두골과 하악골"", ""측두골과 상악골"", ""두정골과 하악골"", ""전두골과 하악골"", ""후두골과 하악골""]",0,TMJ는 측두골(하악와) + 하악골(하악과두)로 구성.,"[""해부"", ""TMJ""]",샘플 시드 (Day 3),
DENTAL_HYGIENE,구강해부학,치아,MEDIUM,SINGLE_CHOICE,FDI 표기법으로 우측 상악 첫 번째 큰어금니는?,"[""#11"", ""#16"", ""#21"", ""#26"", ""#46""]",1,FDI: 1사분면(우상)의 6번 = 16. 영구 제1대구치.,"[""해부"", ""치아표기"", ""FDI""]",샘플 시드 (Day 3),
DENTAL_HYGIENE,구강해부학,치주,MEDIUM,SINGLE_CHOICE,치주조직에 포함되지 않는 것은?,"[""치은"", ""치주인대"", ""백악질"", ""치조골"", ""법랑질""]",4,"치주조직 4종: 치은, 치주인대, 백악질, 치조골. 법랑질은 치아 조직.","[""해부"", ""치주조직""]",샘플 시드 (Day 3),
DENTAL_HYGIENE,구강해부학,타액선,MEDIUM,SINGLE_CHOICE,가장 큰 타액선은?,"[""이하선(parotid)"", ""악하선"", ""설하선"", ""구순선"", ""구개선""]",0,"이하선이 가장 크며 장액성 분비. 악하선은 혼합성, 설하선은 점액성 우세.","[""해부"", ""타액선""]",샘플 시드 (Day 3),
DENTAL_HYGIENE,구강조직발생학,치아발생,MEDIUM,SINGLE_CHOICE,법랑질을 형성하는 세포는?,"[""조골세포"", ""법랑모세포(ameloblast)"", ""상아모세포"", ""백악모세포"", ""섬유모세포""]",1,"Ameloblast가 법랑질을, odontoblast가 상아질을 형성한다.","[""조직"", ""법랑질"", ""발생""]",샘플 시드 (Day 3),
DENTAL_HYGIENE,구강조직발생학,치아발생,MEDIUM,SINGLE_CHOICE,상아질을 형성하는 세포는?,"[""법랑모세포"", ""상아모세포(odontoblast)"", ""백악모세포"", ""골모세포"", ""섬유모세포""]",1,Odontoblast가 평생 일차/이차상아질을 형성하며 치수 표면에 위치.,"[""조직"", ""상아질""]",샘플 시드 (Day 3),
DENTAL_HYGIENE,구강조직발생학,치아발생,HARD,SINGLE_CHOICE,치아 발생 단계 중 종모양 시기(bell stage)에 일어나는 일은?,"[""치배 형성"", ""법랑기관과 치유두 분화"", ""법랑질 석회화 시작"", ""치근 형성"", ""맹출""]",1,Bell stage에서 법랑기관과 치유두가 명확히 분화되고 세포 분화가 시작된다.,"[""조직"", ""치아발생"", ""Bell""]",샘플 시드 (Day 3),
DENTAL_HYGIENE,구강조직발생학,구강점막,MEDIUM,SINGLE_CHOICE,구강점막의 가장 두꺼운 부위는?,"[""구강저"", ""협점막"", ""혀의 등"", ""경구개"", ""연구개""]",3,경구개는 저작 시 압력을 견디기 위해 각화중층편평상피로 두껍다.,"[""조직"", ""구강점막""]",샘플 시드 (Day 3),
DENTAL_HYGIENE,구강조직발생학,치아구조,MEDIUM,SINGLE_CHOICE,치아의 4대 경조직이 아닌 것은?,"[""법랑질"", ""상아질"", ""백악질"", ""치조골"", ""치수""]",4,"치수(pulp)는 연조직. 4대 경조직: 법랑질, 상아질, 백악질, 치조골.","[""조직"", ""치아구조""]",샘플 시드 (Day 3),
DENTAL_HYGIENE,구강조직발생학,맹출,MEDIUM,SINGLE_CHOICE,유치 첫 맹출 시기는?,"[""3개월"", ""6개월"", ""12개월"", ""18개월"", ""24개월""]",1,보통 6개월경 하악 유중절치부터 맹출.,"[""조직"", ""맹출"", ""유치""]",샘플 시드 (Day 3),
DENTAL_HYGIENE,구강병리학,치아우식,MEDIUM,SINGLE_CHOICE,치아우식의 주요 원인균은?,"[""Lactobacillus"", ""Streptococcus mutans"", ""Actinomyces"", ""Porphyromonas gingivalis"", ""Treponema""]",1,S. mutans가 치아우식의 가장 중요한 원인균.,"[""병리"", ""우식"", ""S.mutans""]",샘플 시드 (Day 3),
DENTAL_HYGIENE,구강병리학,치아우식,MEDIUM,SINGLE_CHOICE,치아우식 발생의 4대 요인이 아닌 것은?,"[""치아"", ""세균"", ""기질(당분)"", ""시간"", ""유전자""]",4,"Keyes의 4요인: 치아, 세균, 기질, 시간.","[""병리"", ""우식"", ""Keyes""]",샘플 시드 (Day 3),
DENTAL_HYGIENE,구강병리학,치주,MEDIUM,SINGLE_CHOICE,만성치주염의 주요 원인균은?,"[""Streptococcus mutans"", ""Porphyromonas gingivalis"", ""Lactobacillus"", ""Candida"", ""Staphylococcus aureus""]",1,P. gingivalis가 만성치주염의 대표 원인균(red complex).,"[""병리"", ""치주염""]",샘플 시드 (Day 3),
DENTAL_HYGIENE,구강병리학,구강암,HARD,SINGLE_CHOICE,구강암 중 가장 흔한 조직학적 형태는?,"[""선암"", ""편평상피세포암(SCC)"", ""기저세포암"", ""흑색종"", ""림프종""]",1,구강암의 90% 이상이 SCC. 흡연/음주가 주요 위험인자.,"[""병리"", ""구강암"", ""SCC""]",샘플 시드 (Day 3),
DENTAL_HYGIENE,구강병리학,감염,MEDIUM,SINGLE_CHOICE,구강 칸디다증(아구창)의 원인은?,"[""세균"", ""진균(Candida albicans)"", ""바이러스"", ""기생충"", ""알레르기""]",1,Candida albicans 감염. 면역억제 환자에서 흔하며 의치 사용자도 위험군.,"[""병리"", ""칸디다"", ""진균""]",샘플 시드 (Day 3),
DENTAL_HYGIENE,구강병리학,낭종,HARD,SINGLE_CHOICE,치근단부에 발생하는 가장 흔한 치성낭종은?,"[""치근단낭종(radicular cyst)"", ""함치성낭종"", ""잔류낭종"", ""각화낭종"", ""비치성낭종""]",0,치근단낭종이 가장 흔하며 만성 치근단염에서 발생.,"[""병리"", ""낭종""]",샘플 시드 (Day 3),
DENTAL_HYGIENE,구강병리학,백반증,MEDIUM,SINGLE_CHOICE,구강 백반증(leukoplakia)의 임상적 의미는?,"[""정상 변이"", ""전암병변(potentially malignant)"", ""감염성 병변"", ""외상성 병변"", ""선천성 병변""]",1,백반증은 전암병변으로 추적 관찰과 생검이 필요.,"[""병리"", ""백반증"", ""전암""]",샘플 시드 (Day 3),
DENTAL_HYGIENE,구강병리학,헤르페스,MEDIUM,SINGLE_CHOICE,구순 헤르페스의 원인 바이러스는?,"[""HSV-1"", ""HSV-2"", ""VZV"", ""EBV"", ""CMV""]",0,단순포진 바이러스 1형(HSV-1)이 대부분의 구순 헤르페스를 일으킴.,"[""병리"", ""헤르페스"", ""HSV""]",샘플 시드 (Day 3),
DENTAL_HYGIENE,구강위생학,잇솔질,EASY,SINGLE_CHOICE,성인에게 권장되는 잇솔질 방법은?,"[""횡마법(scrub)"", ""회전법(rolling)"", ""바스법(Bass)"", ""차터법"", ""스틸만법""]",2,Bass법은 칫솔모를 치은 열구에 45도로 향하게 하여 진동시키는 방법으로 성인에게 가장 효과적.,"[""위생"", ""잇솔질"", ""Bass""]",샘플 시드 (Day 3),
DENTAL_HYGIENE,구강위생학,잇솔질,MEDIUM,SINGLE_CHOICE,어린이에게 권장되는 잇솔질 방법은?,"[""Bass법"", ""회전법(rolling)"", ""Stillman법"", ""차터법"", ""Fones법""]",4,Fones법은 원형으로 닦는 방법으로 손기술이 부족한 어린이에게 적합.,"[""위생"", ""잇솔질"", ""Fones""]",샘플 시드 (Day 3),
DENTAL_HYGIENE,구강위생학,치간세정,MEDIUM,SINGLE_CHOICE,치실 사용의 주요 목적은?,"[""치아 미백"", ""구취 제거"", ""치간 세정과 치은연하 plaque 제거"", ""치아 색조 변화"", ""잇몸 마사지만""]",2,치실은 칫솔이 닿지 않는 인접면 plaque를 제거.,"[""위생"", ""치실""]",샘플 시드 (Day 3),
DENTAL_HYGIENE,구강위생학,구강세척제,MEDIUM,SINGLE_CHOICE,치과에서 가장 효과적인 항플라크 효과를 가진 구강세척제 성분은?,"[""에탄올"", ""클로르헥시딘(chlorhexidine)"", ""불소"", ""자일리톨"", ""베이킹소다""]",1,"0.12% 클로르헥시딘이 가장 강력한 항plaque 효과. 단, 장기 사용 시 착색.","[""위생"", ""클로르헥시딘""]",샘플 시드 (Day 3),
DENTAL_HYGIENE,구강위생학,잇솔,EASY,SINGLE_CHOICE,칫솔모의 적절한 강도는?,"[""부드러운"", ""중간"", ""단단한"", ""매우 단단한"", ""철제""]",0,부드러운 칫솔모가 잇몸 손상을 줄이고 충분한 청결 효과를 낸다.,"[""위생"", ""칫솔""]",샘플 시드 (Day 3),
DENTAL_HYGIENE,구강위생학,잇솔교환,EASY,SINGLE_CHOICE,칫솔 교환 권장 주기는?,"[""1주"", ""1개월"", ""3개월"", ""6개월"", ""12개월""]",2,3개월 또는 칫솔모가 벌어지면 즉시 교체.,"[""위생"", ""칫솔교환""]",샘플 시드 (Day 3),
DENTAL_HYGIENE,구강위생학,구취,MEDIUM,SINGLE_CHOICE,구취의 가장 흔한 원인 부위는?,"[""위장"", ""혀의 후방"", ""치아 우식"", ""잇몸 출혈"", ""타액선""]",1,혀 뒤쪽의 설태(tongue coating)가 휘발성 황화합물을 가장 많이 생성.,"[""위생"", ""구취""]",샘플 시드 (Day 3),
DENTAL_HYGIENE,구강위생학,의치관리,MEDIUM,SINGLE_CHOICE,총의치 사용자에게 권장되는 의치 관리법은?,"[""끓는 물로 소독"", ""부드러운 솔로 매일 닦고 야간에 물에 담그기"", ""치약 사용 금지"", ""햇빛에 말리기"", ""1주에 한 번만 세척""]",1,"부드러운 의치솔로 매일 세척, 야간에는 변형 방지를 위해 물이나 세정액에 담가 보관.","[""위생"", ""의치""]",샘플 시드 (Day 3),
DENTAL_HYGIENE,구강위생학,보철물,MEDIUM,SINGLE_CHOICE,임플란트 환자에게 적합한 치간 청결도구는?,"[""일반 치실"", ""치간칫솔(interdental brush)"", ""이쑤시개"", ""철사"", ""거즈""]",1,임플란트 주위염 예방을 위해 치간칫솔과 임플란트 전용 치실을 권장.,"[""위생"", ""임플란트""]",샘플 시드 (Day 3),
DENTAL_HYGIENE,구강위생학,교육,MEDIUM,SINGLE_CHOICE,구강보건교육 시 가장 효과적인 방법은?,"[""강의식 일방 전달"", ""시청각 자료 + 시범 + 실습"", ""유인물만 배포"", ""온라인 교육만"", ""검사만""]",1,다감각 자극과 직접 실습이 가장 학습 효과가 높다.,"[""위생"", ""교육""]",샘플 시드 (Day 3),
DENTAL_HYGIENE,구강위생학,특수환자,HARD,SINGLE_CHOICE,지체장애 환자 구강관리의 핵심은?,"[""장애 정도에 관계없이 동일하게"", ""환자의 능력에 맞춘 보조도구와 보호자 교육"", ""전문가만 수행"", ""일주일에 한 번"", ""구강세척제만""]",1,"특수칫솔, 손잡이 보조 등으로 환자 자립을 돕고 보호자가 보완.","[""위생"", ""장애인""]",샘플 시드 (Day 3),
DENTAL_HYGIENE,구강위생학,임산부,MEDIUM,SINGLE_CHOICE,임신 중 치과 치료에 가장 안전한 시기는?,"[""임신 1기(1~3개월)"", ""임신 2기(4~6개월)"", ""임신 3기(7~9개월)"", ""출산 직전"", ""수유 중""]",1,"임신 2기(2nd trimester)가 가장 안전. 1기는 기관형성기, 3기는 자세 부담.","[""위생"", ""임산부""]",샘플 시드 (Day 3),
DENTAL_HYGIENE,치주관리학,치은,MEDIUM,SINGLE_CHOICE,건강한 치은의 색은?,"[""선홍색"", ""암적색"", ""분홍색(coral pink)"", ""흰색"", ""보라색""]",2,"건강한 치은은 corral pink, 점점이 stippling이 보임.","[""치주"", ""치은""]",샘플 시드 (Day 3),
DENTAL_HYGIENE,치주관리학,치주낭,MEDIUM,SINGLE_CHOICE,정상 치은열구의 깊이는?,"[""1~3 mm"", ""4~5 mm"", ""6~7 mm"", ""8 mm 이상"", ""0 mm""]",0,정상은 1~3 mm. 4 mm 이상은 치주낭으로 분류.,"[""치주"", ""치주낭""]",샘플 시드 (Day 3),
DENTAL_HYGIENE,치주관리학,스케일링,MEDIUM,SINGLE_CHOICE,치석 제거(scaling)의 주요 목적은?,"[""미백"", ""치아 평활화"", ""plaque/calculus 제거로 치주염 예방"", ""치아 색 변경"", ""치통 제거""]",2,스케일링은 치주염 예방의 가장 기본적이고 핵심적 처치.,"[""치주"", ""스케일링""]",샘플 시드 (Day 3),
DENTAL_HYGIENE,치주관리학,스케일링,MEDIUM,SINGLE_CHOICE,초음파 스케일러의 금기증은?,"[""치석 환자"", ""심장박동기 사용자(일부 종류)"", ""건강한 잇몸"", ""치아 우식"", ""구강 건조증""]",1,구식 단극성 박동기는 초음파 간섭 우려. 최신 박동기는 대부분 안전하나 의사 확인 필요.,"[""치주"", ""스케일링"", ""박동기""]",샘플 시드 (Day 3),
DENTAL_HYGIENE,치주관리학,치은염,MEDIUM,SINGLE_CHOICE,치은염의 가장 흔한 임상 증상은?,"[""치아 흔들림"", ""치은 출혈"", ""치아 탈락"", ""심한 통증"", ""치은 퇴축""]",1,"잇솔질 시 출혈이 치은염의 첫 신호. 치은염은 가역적, 치주염은 비가역적.","[""치주"", ""치은염""]",샘플 시드 (Day 3),
DENTAL_HYGIENE,치주관리학,치주염,HARD,SINGLE_CHOICE,만성 치주염과 치은염의 가장 중요한 차이는?,"[""통증 유무"", ""출혈 유무"", ""치조골 흡수 여부"", ""치아 색"", ""구취""]",2,치주염은 부착소실(attachment loss)과 치조골 흡수가 동반된다.,"[""치주"", ""치주염"", ""감별""]",샘플 시드 (Day 3),
DENTAL_HYGIENE,치주관리학,치주낭측정,MEDIUM,SINGLE_CHOICE,치주낭 측정 시 사용하는 도구는?,"[""explorer"", ""periodontal probe"", ""scaler"", ""curet"", ""mirror""]",1,치주탐침(periodontal probe)으로 부드럽게 0.25N 정도의 힘으로 측정.,"[""치주"", ""치주탐침""]",샘플 시드 (Day 3),
DENTAL_HYGIENE,치주관리학,유지관리,MEDIUM,SINGLE_CHOICE,치주 치료 후 유지관리(SPT) 권장 간격은?,"[""1개월"", ""3개월"", ""6개월"", ""1년"", ""2년""]",1,일반적으로 3개월 간격이 표준 SPT. 위험도에 따라 조정.,"[""치주"", ""유지관리"", ""SPT""]",샘플 시드 (Day 3),
DENTAL_HYGIENE,치주관리학,위험요인,MEDIUM,SINGLE_CHOICE,치주염의 위험요인이 아닌 것은?,"[""흡연"", ""당뇨"", ""스트레스"", ""유전"", ""고섬유 식이""]",4,고섬유 식이는 위험요인이 아닌 보호 요인.,"[""치주"", ""위험요인""]",샘플 시드 (Day 3),
DENTAL_HYGIENE,치주관리학,수기구,HARD,SINGLE_CHOICE,치은연하 치석 제거에 가장 적합한 수기구는?,"[""Sickle scaler"", ""Universal curet"", ""Gracey curet"", ""Hoe"", ""File""]",2,Gracey curet는 치은연하 치석/괴사 백악질 제거에 가장 적합 (치아별 부위 특이성).,"[""치주"", ""Gracey"", ""수기구""]",샘플 시드 (Day 3),
DENTAL_HYGIENE,예방치과학,불소,MEDIUM,SINGLE_CHOICE,불소도포의 주요 작용 기전은?,"[""치아 색 변화"", ""법랑질 결정의 산 저항성 증가"", ""통증 감소"", ""치석 용해"", ""치은 마사지""]",1,불소는 hydroxyapatite를 fluorapatite로 전환시켜 산 저항성을 높이고 재광화를 촉진.,"[""예방"", ""불소""]",샘플 시드 (Day 3),
DENTAL_HYGIENE,예방치과학,불소,MEDIUM,SINGLE_CHOICE,수돗물 불소화 농도로 권장되는 수치는?,"[""0.1 ppm"", ""0.5 ppm"", ""0.7~1.0 ppm"", ""5 ppm"", ""10 ppm""]",2,WHO 권장 0.7~1.0 ppm. 너무 높으면 반상치 위험.,"[""예방"", ""수돗물불소화""]",샘플 시드 (Day 3),
DENTAL_HYGIENE,예방치과학,치면열구전색,MEDIUM,SINGLE_CHOICE,치면열구전색(sealant)의 주된 적용 부위는?,"[""전치 순면"", ""구치 교합면의 소와열구"", ""전치 인접면"", ""치근"", ""치은""]",1,구치부 교합면 소와열구는 치아우식 호발 부위로 전색 효과가 큼.,"[""예방"", ""전색"", ""sealant""]",샘플 시드 (Day 3),
DENTAL_HYGIENE,예방치과학,식이,MEDIUM,SINGLE_CHOICE,치아우식 발생 위험이 가장 높은 음식 형태는?,"[""단단한 음식"", ""물"", ""끈적이는 단 음식"", ""생야채"", ""고기""]",2,"끈적이는 단 음식(캐러멜, 사탕)은 치면 잔류 시간이 길어 우식 위험이 가장 큼.","[""예방"", ""식이"", ""우식""]",샘플 시드 (Day 3),
DENTAL_HYGIENE,예방치과학,식이,MEDIUM,SINGLE_CHOICE,자일리톨이 치아우식 예방에 효과적인 이유는?,"[""당이 없어서"", ""S. mutans가 자일리톨을 대사하지 못함"", ""타액 분비 억제"", ""치아 미백 효과"", ""산성 환경 형성""]",1,자일리톨은 5탄당으로 S. mutans가 대사할 수 없어 산을 만들지 못한다.,"[""예방"", ""자일리톨""]",샘플 시드 (Day 3),
DENTAL_HYGIENE,예방치과학,구강위생지수,MEDIUM,SINGLE_CHOICE,OHI-S(간이구강위생지수)의 구성요소는?,"[""DI-S + CI-S"", ""PI + GI"", ""CPI + CPITN"", ""DMFT + DMFS"", ""DI + GI""]",0,OHI-S = Debris Index Simplified + Calculus Index Simplified.,"[""예방"", ""OHI-S""]",샘플 시드 (Day 3),
DENTAL_HYGIENE,예방치과학,지수,HARD,SINGLE_CHOICE,DMFT 지수에서 'F'가 의미하는 것은?,"[""Fissure"", ""Filled(충전된 치아)"", ""Fluoride"", ""Fracture"", ""Free""]",1,"D=Decayed, M=Missing, F=Filled, T=Teeth.","[""예방"", ""DMFT""]",샘플 시드 (Day 3),
DENTAL_HYGIENE,예방치과학,교육,MEDIUM,SINGLE_CHOICE,유치원생 구강보건 교육의 중점은?,"[""치주염 예방"", ""잇솔질 습관 형성과 단 음식 줄이기"", ""임플란트 관리"", ""교정 치료"", ""보철물 관리""]",1,유치원생은 잇솔질 습관 형성과 식이 교육이 가장 중요.,"[""예방"", ""교육"", ""어린이""]",샘플 시드 (Day 3),
DENTAL_HYGIENE,예방치과학,임산부,MEDIUM,SINGLE_CHOICE,임산부에게 자주 발생하는 치주질환은?,"[""치주염"", ""임신성 치은염"", ""치근단염"", ""구내염"", ""치아우식""]",1,호르몬 변화로 임신성 치은염이 흔하며 분만 후 호전.,"[""예방"", ""임산부"", ""치은염""]",샘플 시드 (Day 3),
DENTAL_HYGIENE,예방치과학,검진,EASY,SINGLE_CHOICE,정기 구강검진의 권장 주기는?,"[""1주일"", ""1개월"", ""6개월"", ""2년"", ""5년""]",2,6개월마다 정기 구강검진 권장.,"[""예방"", ""검진""]",샘플 시드 (Day 3),
DENTAL_HYGIENE,의료법규,의료기사법,MEDIUM,SINGLE_CHOICE,치과위생사의 면허 발급 기관은?,"[""치과의사협회"", ""보건복지부장관"", ""교육부장관"", ""병원장"", ""지자체""]",1,의료기사 면허는 보건복지부장관 발급.,"[""법규"", ""면허""]",샘플 시드 (Day 3),
DENTAL_HYGIENE,의료법규,의료기사법,MEDIUM,SINGLE_CHOICE,치과위생사의 업무 지도자는?,"[""의사"", ""치과의사"", ""간호사"", ""약사"", ""물리치료사""]",1,치과위생사는 치과의사의 지도 아래 업무를 수행한다.,"[""법규"", ""업무""]",샘플 시드 (Day 3),
DENTAL_HYGIENE,의료법규,의료기사법,MEDIUM,SINGLE_CHOICE,치과위생사의 업무 범위에 해당하지 않는 것은?,"[""치아 및 구강질환의 예방"", ""구강보건교육"", ""치석 제거(치과의사 지도하)"", ""구강병의 진단"", ""치아 본뜨기 보조""]",3,진단은 치과의사의 고유 업무. 치과위생사는 보조와 예방 업무.,"[""법규"", ""업무범위""]",샘플 시드 (Day 3),
DENTAL_HYGIENE,의료법규,감염병예방법,MEDIUM,SINGLE_CHOICE,치과 진료실의 표준주의 원칙으로 옳은 것은?,"[""감염 환자만 격리"", ""모든 환자의 혈액·체액을 잠재적 감염원으로 간주"", ""장갑만 착용"", ""마스크만 착용"", ""필요할 때만 손씻기""]",1,표준주의는 모든 환자에게 적용되는 가장 기본 원칙.,"[""법규"", ""표준주의""]",샘플 시드 (Day 3),
DENTAL_HYGIENE,의료법규,의료법,MEDIUM,SINGLE_CHOICE,의료인이 비밀 누설 금지 위반 시 처벌은?,"[""벌금"", ""징역 또는 벌금"", ""면허 취소"", ""경고"", ""처벌 없음""]",1,의료법상 비밀누설은 형사 처벌(징역 또는 벌금) 대상.,"[""법규"", ""비밀유지""]",샘플 시드 (Day 3),
DENTAL_HYGIENE,의료법규,구강보건법,HARD,SINGLE_CHOICE,구강보건법의 목적은?,"[""치과의사 양성"", ""국민의 구강보건 향상과 건강 증진"", ""치과 산업 진흥"", ""의료기관 평가"", ""치과 보험 관리""]",1,구강보건법은 국민의 구강보건 향상과 건강 증진이 목적.,"[""법규"", ""구강보건법""]",샘플 시드 (Day 3),
